{
  "accuracy": 63.36,
  "precision": 98.62,
  "recall": 55.54,
  "f1_score": 71.06,
  "roc_auc": 76.84,
  "confusion_matrix": [
    [
      1837,
      63
    ],
    [
      3601,
      4499
    ]
  ],
  "feature_importances": [
    0.010312198471667328,
    0.005910181344580586,
    0.5867200095384385,
    0.010265467111559928,
    0.03448766071706149,
    0.14543967501772345,
    0.03180614219385658,
    0.10655320581275596,
    0.03645822946089198,
    0.03204723033146408
  ]
}