{
  "accuracy": 96.66,
  "precision": 100.0,
  "recall": 95.88,
  "f1_score": 97.89,
  "roc_auc": 99.55,
  "confusion_matrix": [
    [
      1900,
      0
    ],
    [
      334,
      7766
    ]
  ],
  "feature_importances": [
    0.0012725984624699838,
    0.0006653537902529329,
    0.0003986864616729203,
    0.0007195425185820822,
    0.04671091541990625,
    0.018374414208439948,
    0.0006363122174936708,
    0.2678954930945807,
    0.26554748151683477,
    0.003926305141426203,
    0.3708869394830937,
    0.0017702813899392951,
    0.0011614897146506968,
    0.004266431807461589,
    0.004086179251330942,
    0.004164812421332665,
    0.0038596257918740357,
    0.0036571373086577643
  ]
}